player1_name,player1_age,player1_ranking,player1_points,player1_win_rate,player1_win_rate_3_sets,player1_win_rate_tiebreak,player1_total_matches_dure,player1_win_rate_dure,player1_total_matches_terre battue,player1_win_rate_terre battue,player1_total_matches_gazon,player1_win_rate_gazon,player1_total_matches_salle,player1_win_rate_salle,player1_total_matches_carpet,player1_win_rate_carpet,player1_total_matches_acryl,player1_win_rate_acryl,player1_avg_first_serve_pct,player1_avg_first_serve_won_pct,player1_avg_second_serve_won_pct,player1_avg_return_points_won_pct,player1_avg_break_point_won_pct,player1_avg_double_fautes,player1_avg_aces
Fabio Fognini,37,91,637,0.5227272727272727,0.5909090909090909,0.5,8,0.375,26,0.5769230769230769,5,0.6,5,0.4,0,0,0,0,0.581428984668788,0.6975124378109453,0.4727021423635107,0.38031057720480516,0.44805194805194803,4.659090909090909,3.522727272727273
Federico Coria,32,100,617,0.5510204081632653,0.4166666666666667,0.6153846153846154,2,0.0,46,0.5869565217391305,1,0.0,0,0.0,0,0,0,0,0.6692139737991266,0.6141924959216966,0.48102310231023104,0.44441348565059907,0.463768115942029,2.4583333333333335,1.8958333333333333
Yoshihito Nishioka,29,69,776,0.5510204081632653,0.42105263157894735,0.7142857142857143,30,0.6,12,0.3333333333333333,7,0.7142857142857143,0,0.0,0,0,0,0,0.6343506882106523,0.6735849056603773,0.5613747954173486,0.36407620199576657,0.37542662116040953,1.2222222222222223,2.7111111111111112
Emil Ruusuvuori,25,95,628,0.5102040816326531,0.5238095238095238,0.75,17,0.5882352941176471,8,0.25,6,0.5,18,0.5555555555555556,0,0,0,0,0.6333668847508808,0.7004370282081843,0.5512732278045424,0.3665651953323186,0.36333333333333334,2.25,4.833333333333333
Dominik Koepfer,30,102,610,0.5510204081632653,0.6,0.4375,16,0.625,15,0.4,4,0.5,14,0.6428571428571429,0,0,0,0,0.6227511763077774,0.7017777777777777,0.529757531227039,0.3665146230211967,0.3662420382165605,3.0833333333333335,4.354166666666667
Nuno Borges,27,36,1355,0.5714285714285714,0.6818181818181818,0.6,23,0.6521739130434783,20,0.65,3,0.0,3,0.0,0,0,0,0,0.6107644305772231,0.7041294167730949,0.4983299933199733,0.39297365119196986,0.4044943820224719,3.0,4.8979591836734695
Camilo Ugo Carabelli,25,97,624,0.6170212765957447,0.6153846153846154,0.5,5,0.4,41,0.6585365853658537,1,0.0,0,0.0,0,0,0,0,0.6203534430225472,0.6547151277013753,0.4695024077046549,0.43541732783243414,0.48703170028818443,2.347826086956522,2.4782608695652173
James Duckworth,32,82,687,0.5714285714285714,0.47368421052631576,0.7619047619047619,26,0.6153846153846154,1,0.0,15,0.6666666666666666,7,0.2857142857142857,0,0,0,0,0.580042689434365,0.7589696412143514,0.5495552731893265,0.3431578947368421,0.3776824034334764,2.693877551020408,7.551020408163265
Alejandro Davidovich Fokina,25,61,845,0.46938775510204084,0.4782608695652174,0.391304347826087,28,0.5,8,0.375,1,0.0,12,0.5,0,0,0,0,0.6717262670439927,0.6801991574109536,0.5188087774294671,0.3733715476810839,0.4171974522292994,2.25,4.979166666666667
Jan-Lennard Struff,34,42,1240,0.5714285714285714,0.5,0.85,9,0.2222222222222222,21,0.7142857142857143,9,0.6666666666666666,10,0.5,0,0,0,0,0.5794369029663148,0.7778741865509762,0.511655708308428,0.3701762744163888,0.32941176470588235,4.361702127659575,9.382978723404255
Kei Nishikori,35,106,578,0.673469387755102,0.6666666666666666,0.6666666666666666,29,0.6896551724137931,9,0.5555555555555556,1,0.0,10,0.8,0,0,0,0,0.6507404302877899,0.6788321167883211,0.552,0.39988983751032775,0.4,1.8936170212765957,2.127659574468085
Botic Van De Zandschulp,29,80,712,0.5510204081632653,0.5,0.4166666666666667,9,0.5555555555555556,26,0.5769230769230769,3,0.3333333333333333,11,0.5454545454545454,0,0,0,0,0.6290322580645161,0.7061790668348046,0.4665718349928876,0.39820438341695275,0.40970350404312667,4.061224489795919,4.326530612244898
Timofey Skatov,23,191,299,0.6458333333333334,0.5789473684210527,0.9090909090909091,7,0.5714285714285714,38,0.6578947368421053,3,0.6666666666666666,0,0.0,0,0,0,0,0.571590909090909,0.6769383697813122,0.5006631299734748,0.42087636059168293,0.430939226519337,3.9574468085106385,2.5319148936170213
Felipe Meligeni Alves,26,149,389,0.6122448979591837,0.5882352941176471,0.7333333333333333,4,0.5,40,0.625,5,0.6,0,0.0,0,0,0,0,0.6778097982708934,0.6836734693877551,0.5259391771019678,0.363556078893141,0.4219858156028369,1.0625,4.208333333333333
Carlos Taberner,27,195,296,0.5918367346938775,0.45,0.5,1,0.0,47,0.6170212765957447,0,0.0,1,0.0,0,0,0,0,0.6788811188811189,0.6448290070045324,0.4895470383275261,0.44077134986225897,0.45774647887323944,2.3877551020408165,1.4081632653061225
Vit Kopriva,27,130,465,0.6041666666666666,0.6666666666666666,0.8,7,0.7142857142857143,37,0.5675675675675675,4,0.75,0,0.0,0,0,0,0,0.6252676659528907,0.6665239726027398,0.48714285714285716,0.4190860215053763,0.4894179894179894,3.875,2.9583333333333335
Gael Monfils,38,55,1005,0.5306122448979592,0.5172413793103449,0.8,27,0.5925925925925926,9,0.3333333333333333,7,0.7142857142857143,6,0.3333333333333333,0,0,0,0,0.6034179442070872,0.7376093294460642,0.5120405576679341,0.35614347494276266,0.39375,4.041666666666667,9.083333333333334
Pierre-Hugues Herbert,33,148,391,0.46808510638297873,0.6,0.5,5,0.4,19,0.42105263157894735,6,0.5,17,0.5294117647058824,0,0,0,0,0.5981723237597911,0.729375818419904,0.48862897985705,0.35619351408825095,0.4144486692015209,4.8936170212765955,9.659574468085106
Francesco Passaro,23,108,570,0.6530612244897959,0.625,0.7272727272727273,5,0.6,43,0.6744186046511628,1,0.0,0,0.0,0,0,0,0,0.6404614971827207,0.6962714704650188,0.5597014925373134,0.3833839359646702,0.4485981308411215,2.125,3.6458333333333335
Billy Harris,29,125,474,0.5510204081632653,0.6363636363636364,0.7142857142857143,21,0.42857142857142855,3,0.6666666666666666,20,0.7,5,0.4,0,0,0,0,0.6130790190735694,0.74,0.5077464788732394,0.3502202643171806,0.35271317829457366,2.877551020408163,6.612244897959184
Learner Tien,19,122,493,0.7755102040816326,0.68,0.7857142857142857,34,0.8235294117647058,0,0.0,0,0.0,15,0.6666666666666666,0,0,0,0,0.6379789006107718,0.6923411662315057,0.531441717791411,0.4133118625872249,0.4214659685863874,3.127659574468085,3.595744680851064
Adam Walton,25,93,636,0.5102040816326531,0.4117647058823529,0.6842105263157895,32,0.53125,1,0.0,9,0.4444444444444444,7,0.5714285714285714,0,0,0,0,0.6334200636021972,0.7476038338658147,0.5323343848580442,0.3554114994363021,0.37593984962406013,2.2244897959183674,6.428571428571429
Omar Jasika,27,178,323,0.7674418604651163,0.7272727272727273,0.5,35,0.9142857142857143,3,0.3333333333333333,5,0.0,0,0.0,0,0,0,0,0.7075435203094778,0.6708583925642427,0.5687830687830688,0.43564742589703587,0.4745098039215686,1.7179487179487178,2.1025641025641026
Gustavo Heide,22,172,332,0.6041666666666666,0.5789473684210527,1.0,2,0.5,45,0.6222222222222222,1,0.0,0,0.0,0,0,0,0,0.5758550131540485,0.6994923857868021,0.5513439007580979,0.3845496009122007,0.36156351791530944,2.8333333333333335,4.0
David Goffin,34,52,1037,0.6122448979591837,0.6,0.6666666666666666,21,0.7142857142857143,12,0.4166666666666667,10,0.7,6,0.5,0,0,0,0,0.5878932064499075,0.7180755395683454,0.4964720974983964,0.40238942552109813,0.39036144578313253,3.3469387755102042,5.040816326530612
Jack Draper,23,15,2685,0.6326530612244898,0.6071428571428571,0.6,18,0.6111111111111112,12,0.4166666666666667,10,0.8,9,0.7777777777777778,0,0,0,0,0.6008425487098473,0.7874671340929009,0.503957783641161,0.3734583127775037,0.3974358974358974,3.2653061224489797,8.714285714285714
Frances Tiafoe,26,18,2585,0.5510204081632653,0.5925925925925926,0.75,25,0.64,11,0.45454545454545453,6,0.5,7,0.42857142857142855,0,0,0,0,0.5807489087985297,0.7527689873417721,0.5413698630136986,0.35171187194308584,0.3373860182370821,2.4693877551020407,8.46938775510204
Francisco Cerundolo,26,30,1620,0.5510204081632653,0.45,0.875,7,0.2857142857142857,26,0.6538461538461539,3,0.0,13,0.6153846153846154,0,0,0,0,0.637431284357821,0.6911015288122305,0.5158839779005525,0.38525624842211564,0.4415954415954416,3.306122448979592,3.4489795918367347
Harold Mayot,22,116,518,0.5102040816326531,0.36363636363636365,0.4375,15,0.4666666666666667,7,0.2857142857142857,9,0.5555555555555556,18,0.6111111111111112,0,0,0,0,0.6328849028400598,0.6948512045347189,0.5228013029315961,0.36177994513867723,0.43724696356275305,2.5918367346938775,5.714285714285714
Borna Coric,28,90,639,0.46938775510204084,0.4230769230769231,0.5789473684210527,20,0.4,10,0.3,2,0.5,17,0.6470588235294118,0,0,0,0,0.6081767394616556,0.7265135699373695,0.5139338950097213,0.36040483831152803,0.35185185185185186,2.4081632653061225,6.775510204081633
Christopher Eubanks,28,107,572,0.5306122448979592,0.5,0.6521739130434783,19,0.631578947368421,7,0.0,9,0.4444444444444444,14,0.7142857142857143,0,0,0,0,0.6636432350718064,0.7433561123766135,0.5026217228464419,0.3317683881064163,0.3861788617886179,3.857142857142857,11.46938775510204
Arthur Cazaux,22,63,807,0.5102040816326531,0.4166666666666667,0.5882352941176471,34,0.5588235294117647,2,0.0,5,0.2,8,0.625,0,0,0,0,0.575019638648861,0.7586520947176685,0.514479359211337,0.359349593495935,0.4416961130742049,2.4693877551020407,8.83673469387755
Marcos Giron,31,46,1150,0.5102040816326531,0.36363636363636365,0.7142857142857143,15,0.4,11,0.2727272727272727,13,0.6923076923076923,10,0.7,0,0,0,0,0.6004156923876331,0.7282561661618348,0.5130039011703511,0.3570150779453105,0.3540983606557377,1.3265306122448979,5.163265306122449
Alexander Shevchenko,24,78,715,0.3541666666666667,0.38095238095238093,0.7857142857142857,17,0.35294117647058826,19,0.3684210526315789,4,0.25,8,0.375,0,0,0,0,0.5977107761027359,0.6837926202709015,0.4847222222222222,0.3591144335825187,0.40816326530612246,2.782608695652174,5.108695652173913
Maks Kasnikowski,21,180,318,0.5853658536585366,0.5333333333333333,0.75,6,0.5,34,0.6176470588235294,0,0.0,1,0.0,0,0,0,0,0.5808080808080808,0.6910144927536231,0.4843373493975904,0.41769205187894914,0.46078431372549017,2.475,3.05
Alexei Popyrin,25,24,1865,0.5714285714285714,0.5789473684210527,0.5,22,0.6818181818181818,12,0.3333333333333333,8,0.625,7,0.5714285714285714,0,0,0,0,0.6387195121951219,0.7442322991249005,0.5024630541871922,0.3441812028117678,0.3793103448275862,3.0416666666666665,9.081632653061224
Nishesh Basavareddy,19,138,440,0.7551020408163265,0.6428571428571429,1.25,27,0.8148148148148148,0,0.0,0,0.0,22,0.6818181818181818,0,0,0,0,0.5862811442633036,0.7245540398740818,0.5234200743494424,0.42289582107121837,0.422279792746114,3.2244897959183674,4.428571428571429
Alibek Kachmazov,22,194,296,0.5957446808510638,0.4666666666666667,0.6875,26,0.5769230769230769,12,0.5,0,0.0,9,0.7777777777777778,0,0,0,0,0.5581061692969871,0.722879177377892,0.5142857142857142,0.38098140810728437,0.462406015037594,3.0425531914893615,6.148936170212766
Juan Pablo Ficovich,27,187,308,0.5714285714285714,0.631578947368421,0.4166666666666667,6,0.5,40,0.625,1,0.0,2,0.0,0,0,0,0,0.5713035870516185,0.7100561510974988,0.4897959183673469,0.4063482985416071,0.44171779141104295,2.877551020408163,4.183673469387755
Jurij Rodionov,25,175,327,0.4418604651162791,0.375,0.4666666666666667,15,0.6,18,0.3333333333333333,3,0.0,7,0.5714285714285714,0,0,0,0,0.5869067103109656,0.7060791968767429,0.48019017432646594,0.3824561403508772,0.39097744360902253,2.6097560975609757,4.2682926829268295
Luca Van Assche,20,128,471,0.5,0.5,0.6666666666666666,11,0.45454545454545453,16,0.5,4,0.5,17,0.5294117647058824,0,0,0,0,0.6408013544018059,0.6785557023337737,0.47289866457187746,0.3929950358521787,0.3941176470588235,3.8333333333333335,3.125
Casper Ruud,26,6,4255,0.5918367346938775,0.6818181818181818,0.8571428571428571,10,0.5,25,0.76,2,0.5,12,0.3333333333333333,0,0,0,0,0.6582243250765377,0.7154334038054968,0.5374592833876222,0.3780387872166075,0.4074074074074074,2.3777777777777778,5.866666666666666
Jaume Antoni Munar Clar,27,62,832,0.5510204081632653,0.5238095238095238,0.4444444444444444,9,0.5555555555555556,33,0.6060606060606061,3,0.3333333333333333,4,0.25,0,0,0,0,0.6456364647026126,0.6909169177787344,0.49254901960784314,0.4028525296017223,0.3962765957446808,3.122448979591837,3.1020408163265305
Jannik Sinner,23,1,11830,0.9183673469387755,0.8571428571428571,1.0,26,0.9230769230769231,6,0.8333333333333334,10,0.9,7,1.0,0,0,0,0,0.6106310552500654,0.7920240137221269,0.5729657027572294,0.40727616347743917,0.402088772845953,2.0638297872340425,8.74468085106383
Lloyd Harris,27,132,457,0.6530612244897959,0.5333333333333333,0.6190476190476191,24,0.75,5,0.4,14,0.8571428571428571,6,0.0,0,0,0,0,0.6315486470926885,0.7711941659070192,0.5171875,0.37408568443051204,0.3970037453183521,1.9183673469387754,11.46938775510204
Gabriel Diallo,23,87,643,0.7346938775510204,0.7894736842105263,0.6956521739130435,34,0.7941176470588235,0,0.0,6,0.5,9,0.6666666666666666,0,0,0,0,0.6768824306472919,0.7408274785323966,0.5396565821749796,0.3724263747719573,0.3564356435643564,2.4693877551020407,9.53061224489796
Luca Nardi,21,92,637,0.5,0.43478260869565216,0.6923076923076923,20,0.4,13,0.6153846153846154,5,0.2,10,0.7,0,0,0,0,0.6385172798216276,0.6774334351811436,0.4780262143407864,0.37894144144144143,0.4267515923566879,3.2083333333333335,2.8125
Pavel Kotov,26,86,655,0.46938775510204084,0.5238095238095238,0.7333333333333333,21,0.47619047619047616,20,0.55,1,0.0,7,0.2857142857142857,0,0,0,0,0.6533333333333333,0.6998144712430426,0.4811188811188811,0.3499745287824758,0.40213523131672596,2.7142857142857144,4.183673469387755
Maximilian Marterer,29,184,313,0.425531914893617,0.4375,0.6,13,0.3076923076923077,23,0.4782608695652174,5,0.4,6,0.5,0,0,0,0,0.6126373626373627,0.6841056302939711,0.518957345971564,0.3575031525851198,0.41304347826086957,2.5681818181818183,5.260869565217392
Jaime Faria,21,123,489,0.5918367346938775,0.5714285714285714,0.6428571428571429,7,0.5714285714285714,38,0.6578947368421053,2,0.0,2,0.0,0,0,0,0,0.5633516961438098,0.7092125579001544,0.4860557768924303,0.3886213124623721,0.4434250764525994,4.595744680851064,5.659574468085107
Roman Safiullin,27,60,923,0.5510204081632653,0.38095238095238093,0.5714285714285714,23,0.6086956521739131,13,0.38461538461538464,5,0.4,8,0.75,0,0,0,0,0.6109163745618428,0.7364754098360655,0.5032175032175032,0.37329362124596677,0.38095238095238093,3.0816326530612246,6.918367346938775
Holger Rune,21,13,3025,0.6530612244897959,0.6538461538461539,0.625,18,0.6111111111111112,17,0.6470588235294118,5,0.6,9,0.7777777777777778,0,0,0,0,0.600815702268672,0.7335596096733136,0.5478927203065134,0.3482856406290281,0.40145985401459855,3.020408163265306,6.1020408163265305
Dusan Lajovic,34,81,710,0.42857142857142855,0.39285714285714285,0.46153846153846156,13,0.38461538461538464,24,0.5416666666666666,1,0.0,11,0.2727272727272727,0,0,0,0,0.7043434086868173,0.6790479624954923,0.5077319587628866,0.36259064766191546,0.3742690058479532,1.1458333333333333,2.9166666666666665
Jerome Kym,21,134,451,0.7346938775510204,0.5217391304347826,1.0,11,0.7272727272727273,29,0.7586206896551724,0,0.0,9,0.6666666666666666,0,0,0,0,0.6220081727962639,0.7531675269826372,0.5227799227799228,0.40487804878048783,0.4049079754601227,2.0833333333333335,7.645833333333333
Mattia Bellucci,23,103,605,0.6938775510204082,0.5882352941176471,0.8947368421052632,37,0.7297297297297297,0,0.0,6,0.5,6,0.6666666666666666,0,0,0,0,0.610752688172043,0.7293133802816901,0.5414364640883977,0.39012409513960705,0.3556701030927835,3.142857142857143,7.979591836734694
Thiago Seyboth Wild,24,74,732,0.5510204081632653,0.4375,0.625,14,0.6428571428571429,25,0.44,4,0.5,6,0.8333333333333334,0,0,0,0,0.6387665198237885,0.6995689655172413,0.5304878048780488,0.3592710442580272,0.4046692607003891,2.3877551020408165,5.224489795918367
Hubert Hurkacz,27,16,2640,0.6326530612244898,0.6296296296296297,0.7586206896551724,19,0.5263157894736842,18,0.7777777777777778,7,0.7142857142857143,5,0.4,0,0,0,0,0.6303785563131907,0.7720999627004849,0.5419847328244275,0.33775914279058933,0.3492063492063492,1.6734693877551021,12.816326530612244
Mitchell Krueger,30,147,396,0.5714285714285714,0.5333333333333333,0.6,32,0.625,10,0.6,2,0.5,5,0.2,0,0,0,0,0.6080023195129023,0.7081545064377682,0.5451183431952663,0.3877262443438914,0.4117647058823529,2.326530612244898,5.285714285714286
Terence Atmane,22,158,376,0.5306122448979592,0.4782608695652174,0.7368421052631579,31,0.5806451612903226,10,0.5,6,0.3333333333333333,2,0.5,0,0,0,0,0.590421355666056,0.7291666666666666,0.5226837060702876,0.3598514982763193,0.3686131386861314,4.224489795918367,7.081632653061225
Roman Andres Burruchaga,22,156,378,0.6041666666666666,0.5909090909090909,1.0,4,0.5,41,0.6097560975609756,3,0.6666666666666666,0,0.0,0,0,0,0,0.602880658436214,0.6606533398342272,0.4759437453737972,0.43354430379746833,0.4803370786516854,3.5,2.0208333333333335
Facundo Diaz Acosta,24,79,714,0.5102040816326531,0.5,0.6153846153846154,11,0.2727272727272727,34,0.6470588235294118,1,0.0,3,0.0,0,0,0,0,0.6437061048082118,0.6735207721359631,0.514783927217589,0.38572204125950055,0.38950276243093923,2.836734693877551,2.693877551020408
Lorenzo Musetti,22,17,2600,0.6938775510204082,0.8076923076923077,0.6875,13,0.6153846153846154,15,0.7333333333333333,15,0.8,6,0.5,0,0,0,0,0.6518624641833811,0.7106227106227107,0.5281207133058985,0.38320330426801286,0.3974025974025974,1.9795918367346939,4.122448979591836
Hugo Dellien,31,124,488,0.7142857142857143,0.4117647058823529,0.8888888888888888,1,0.0,46,0.7391304347826086,2,0.5,0,0.0,0,0,0,0,0.7071895424836602,0.7079482439926063,0.5424107142857143,0.4226675015654352,0.46808510638297873,1.574468085106383,2.4468085106382977
Karen Khachanov,28,19,2410,0.6122448979591837,0.5555555555555556,0.8125,19,0.47368421052631576,12,0.6666666666666666,4,0.25,14,0.8571428571428571,0,0,0,0,0.6452720549392499,0.7449856733524355,0.5227103499627699,0.3684210526315789,0.3829113924050633,1.7755102040816326,6.959183673469388
Adrian Mannarino,36,66,779,0.3541666666666667,0.46153846153846156,0.4666666666666667,24,0.3333333333333333,5,0.0,6,0.16666666666666666,13,0.6153846153846154,0,0,0,0,0.594896331738437,0.6724754244861484,0.5111548556430446,0.3415948275862069,0.3860294117647059,2.3191489361702127,4.446808510638298
Matteo Arnaldi,23,37,1345,0.5208333333333334,0.5,0.8,23,0.5652173913043478,19,0.5263157894736842,3,0.3333333333333333,3,0.3333333333333333,0,0,0,0,0.5681095622401565,0.7042617305208781,0.49261363636363636,0.37945649463974074,0.3983286908077994,3.4583333333333335,7.020833333333333
Zizou Bergs,25,71,768,0.6122448979591837,0.48148148148148145,0.8,12,0.5833333333333334,14,0.6428571428571429,10,0.6,13,0.6153846153846154,0,0,0,0,0.6185645447628709,0.7359573595735958,0.5378989361702128,0.3795026725540321,0.37567567567567567,3.3877551020408165,7.122448979591836
Thiago Moura Monteiro,30,109,566,0.5714285714285714,0.45,0.6111111111111112,4,0.25,34,0.7058823529411765,3,0.3333333333333333,8,0.25,0,0,0,0,0.6545817870396803,0.7549062363715656,0.5743801652892562,0.34043701106015645,0.3497942386831276,2.1666666666666665,4.938775510204081
Jordan Thompson,30,26,1745,0.5918367346938775,0.6086956521739131,0.8235294117647058,29,0.6551724137931034,8,0.375,7,0.5714285714285714,5,0.6,0,0,0,0,0.5985518905872889,0.7226702508960573,0.5177020708082832,0.36219413820919605,0.36082474226804123,1.3333333333333333,6.645833333333333
Lorenzo Sonego,29,53,1026,0.5102040816326531,0.5263157894736842,0.5,14,0.5714285714285714,21,0.47619047619047616,6,0.5,8,0.5,0,0,0,0,0.6561791383219955,0.7239740820734342,0.5333882934872217,0.33876761536336003,0.32669322709163345,2.2127659574468086,5.468085106382978
Hugo Gaston,24,76,717,0.4791666666666667,0.4827586206896552,1.0,9,0.0,26,0.5769230769230769,5,0.6,8,0.625,0,0,0,0,0.545984291867241,0.65707656612529,0.5100446428571429,0.3796583850931677,0.41040462427745666,2.4791666666666665,3.0416666666666665
Sebastian Baez,24,27,1690,0.5306122448979592,0.5238095238095238,0.6363636363636364,9,0.3333333333333333,33,0.696969696969697,3,0.0,4,0.0,0,0,0,0,0.7186379928315412,0.6401852511578198,0.5131938125568699,0.3974696889826041,0.4015748031496063,2.0,2.183673469387755
Sebastian Ofner,28,88,643,0.46938775510204084,0.4230769230769231,0.6666666666666666,13,0.46153846153846156,21,0.38095238095238093,8,0.5,7,0.7142857142857143,0,0,0,0,0.5629738322328197,0.737619461337967,0.5047565752658086,0.35552231363749687,0.41638225255972694,2.5319148936170213,8.319148936170214
Stefanos Tsitsipas,26,11,3165,0.673469387755102,0.7272727272727273,0.65,9,0.4444444444444444,26,0.7692307692307693,4,0.5,10,0.7,0,0,0,0,0.6214430894308943,0.7469337694194603,0.5425888665325285,0.35136527563111797,0.3870967741935484,3.204081632653061,6.551020408163265
Daniil Medvedev,28,5,5030,0.6530612244897959,0.6521739130434783,0.8823529411764706,20,0.7,16,0.6875,8,0.75,5,0.2,0,0,0,0,0.6209469891919712,0.7343555739743058,0.4935418082936778,0.39652567975830816,0.44285714285714284,4.551020408163265,6.73469387755102
Paul Jubb,25,185,311,0.6444444444444445,0.5,1.0,29,0.6206896551724138,0,0.0,14,0.6428571428571429,2,1.0,0,0,0,0,0.6095087163232964,0.7113884555382215,0.49837662337662336,0.41708074534161493,0.41479099678456594,3.7111111111111112,4.222222222222222
Vilius Gaubas,20,186,311,0.5102040816326531,0.6470588235294118,0.6666666666666666,3,0.6666666666666666,44,0.5227272727272727,0,0.0,2,0.0,0,0,0,0,0.6443148688046647,0.6556561085972851,0.4852459016393443,0.39788110653325487,0.4430769230769231,2.0851063829787235,2.5106382978723403
Aleksandar Vukic,28,68,778,0.5510204081632653,0.4,0.7391304347826086,18,0.5,6,0.3333333333333333,17,0.5882352941176471,8,0.75,0,0,0,0,0.5927903871829105,0.7563063063063064,0.5186885245901639,0.3393099701168161,0.4206008583690987,1.7755102040816326,9.857142857142858
Gregoire Barrere,30,162,371,0.5333333333333333,0.6,0.46153846153846156,1,0.0,26,0.5769230769230769,3,0.3333333333333333,15,0.5333333333333333,0,0,0,0,0.6203224825068452,0.678273663560569,0.5424679487179487,0.3786617329633056,0.37666666666666665,1.8888888888888888,3.9555555555555557
James Kent Trotter,25,193,298,0.6938775510204082,0.6666666666666666,0.7333333333333333,29,0.6551724137931034,0,0.0,1,0.0,19,0.7894736842105263,0,0,0,0,0.5769120595817817,0.7755710029791459,0.5192958700067705,0.37893531768746425,0.4358974358974359,3.3469387755102042,8.755102040816327
Sumit Nagal,27,98,622,0.46808510638297873,0.5,0.5294117647058824,16,0.3125,26,0.6153846153846154,1,0.0,4,0.25,0,0,0,0,0.694769059543684,0.632358830596716,0.5150410209662717,0.38832199546485263,0.38972809667673713,1.7872340425531914,1.5319148936170213
Tristan Schoolkate,23,168,345,0.5714285714285714,0.6428571428571429,0.56,36,0.6111111111111112,0,0.0,11,0.5454545454545454,2,0.0,0,0,0,0,0.5820091570158901,0.7542804257288293,0.49742268041237114,0.36752136752136755,0.3493150684931507,3.63265306122449,8.877551020408163
Denis Shapovalov,25,56,981,0.6122448979591837,0.45,0.8,16,0.5625,11,0.45454545454545453,6,0.5,16,0.8125,0,0,0,0,0.5985302123026673,0.7767166894042746,0.5145762711864407,0.3697257383966245,0.42105263157894735,5.854166666666667,7.541666666666667
Ben Shelton,22,21,2330,0.6326530612244898,0.6428571428571429,0.5217391304347826,20,0.65,12,0.6666666666666666,8,0.5,9,0.6666666666666666,0,0,0,0,0.6905217807563427,0.7642980935875217,0.5498839907192575,0.3210742801838858,0.3433962264150943,3.3125,9.583333333333334
Cristian Garin,28,152,382,0.4782608695652174,0.44,0.5625,13,0.38461538461538464,24,0.5,7,0.5714285714285714,2,0.5,0,0,0,0,0.6132760010749798,0.6901840490797546,0.5079916608756081,0.3849164926931106,0.3708791208791209,4.021739130434782,4.956521739130435
Andrey Rublev,27,8,3760,0.5714285714285714,0.5714285714285714,0.5,19,0.6842105263157895,17,0.6470588235294118,2,0.0,11,0.36363636363636365,0,0,0,0,0.6068023705230611,0.770276008492569,0.5111402359108781,0.37682957082609775,0.37026239067055394,3.1041666666666665,8.354166666666666
Thanasi Kokkinakis,28,77,716,0.6530612244897959,0.6190476190476191,0.9,24,0.6666666666666666,17,0.6470588235294118,4,0.5,4,0.75,0,0,0,0,0.6105290728129911,0.7657657657657657,0.5285810356422327,0.36691876067333495,0.3185840707964602,3.0416666666666665,9.979166666666666
Radu Albot,35,163,369,0.6170212765957447,0.6428571428571429,0.625,13,0.6923076923076923,25,0.6,7,0.5714285714285714,2,0.5,0,0,0,0,0.6303521662021788,0.6684083601286174,0.5133653187114462,0.4062117877231597,0.4304461942257218,3.297872340425532,2.2127659574468086
Taylor Harry Fritz,27,4,5100,0.673469387755102,0.68,0.625,18,0.6666666666666666,10,0.6,12,0.8333333333333334,9,0.5555555555555556,0,0,0,0,0.622248243559719,0.788859616108393,0.5536933581626319,0.3478782066650683,0.40418118466898956,2.06,11.12
Jacob Fearnley,23,99,622,0.8163265306122449,0.85,0.7333333333333333,15,0.8666666666666667,0,0.0,12,0.75,22,0.8181818181818182,0,0,0,0,0.6112843776580663,0.7421150278293135,0.5149525893508388,0.4091531926555221,0.4525993883792049,4.836734693877551,5.530612244897959
Elmer Moller,21,160,372,0.7333333333333333,0.4,0.8333333333333334,3,0.6666666666666666,41,0.7317073170731707,0,0.0,1,1.0,0,0,0,0,0.618632707774799,0.6782231852654388,0.4789103690685413,0.4649350649350649,0.4958904109589041,3.6511627906976742,2.7142857142857144
Kamil Majchrzak,28,120,506,0.7142857142857143,0.7222222222222222,0.6153846153846154,20,0.75,25,0.76,0,0.0,4,0.25,0,0,0,0,0.6164013217182337,0.7227095516569201,0.5536413469068129,0.4121338912133891,0.4560810810810811,1.5957446808510638,4.229166666666667
Seongchan Hong,27,150,389,0.574468085106383,0.625,1.0,43,0.6046511627906976,1,0.0,2,0.0,1,1.0,0,0,0,0,0.5932203389830508,0.6706493506493506,0.5075757575757576,0.3939762701551567,0.4166666666666667,2.577777777777778,4.2
Flavio Cobolli,22,32,1472,0.5714285714285714,0.6428571428571429,0.5909090909090909,20,0.7,18,0.5,7,0.42857142857142855,4,0.5,0,0,0,0,0.5566690527320448,0.7389627089584226,0.5215285252960172,0.35198422479664776,0.384375,3.3877551020408165,6.408163265306122
Fabian Marozsan,25,58,935,0.4489795918367347,0.5,0.75,23,0.6086956521739131,13,0.38461538461538464,5,0.2,8,0.25,0,0,0,0,0.6445110324162353,0.6880811496196112,0.4812260536398467,0.3664100370687197,0.4036363636363636,2.2083333333333335,4.375
Murkel Dellien,27,183,314,0.5102040816326531,0.5,0.5,2,0.5,46,0.5217391304347826,1,0.0,0,0.0,0,0,0,0,0.6655457046774687,0.6426274689940285,0.48811700182815354,0.4146875,0.43373493975903615,2.4680851063829787,2.276595744680851
Jiri Lehecka,23,28,1660,0.6530612244897959,0.6842105263157895,0.8571428571428571,28,0.7142857142857143,5,0.8,0,0.0,16,0.5,0,0,0,0,0.6186136426401546,0.7589285714285714,0.5199131064446053,0.3530701754385965,0.3710247349823322,2.5918367346938775,8.244897959183673
Mackenzie Mcdonald,29,131,464,0.5306122448979592,0.26666666666666666,0.5714285714285714,30,0.6,4,0.0,11,0.45454545454545453,4,0.75,0,0,0,0,0.6393489434608794,0.7020991514068781,0.5249406175771971,0.38996029495178675,0.4584837545126354,2.877551020408163,4.673469387755102
Miomir Kecmanovic,25,54,1021,0.4489795918367347,0.45,0.4117647058823529,18,0.3333333333333333,12,0.5,8,0.5,11,0.5454545454545454,0,0,0,0,0.6091301998919503,0.716629711751663,0.5224602626123013,0.35727537768354095,0.3838383838383838,2.0833333333333335,4.291666666666667
Mariano Navone,23,47,1148,0.5102040816326531,0.55,0.6666666666666666,8,0.25,33,0.6666666666666666,3,0.0,5,0.2,0,0,0,0,0.6588746942103832,0.6431518151815182,0.47808764940239046,0.4177047442353565,0.4225721784776903,2.25,2.4166666666666665
Otto Virtanen,23,94,634,0.5434782608695652,0.6363636363636364,0.8125,14,0.5,12,0.4166666666666667,8,0.625,12,0.6666666666666666,0,0,0,0,0.5838594564919023,0.7381288199341796,0.4947229551451187,0.3698666666666667,0.35119047619047616,4.044444444444444,8.88888888888889
Sho Shimabukuro,27,190,303,0.6,0.35294117647058826,0.5714285714285714,29,0.6551724137931034,4,0.25,8,0.625,4,0.5,0,0,0,0,0.5674947620472912,0.7162447257383966,0.528719723183391,0.3717115444134943,0.46153846153846156,3.066666666666667,5.288888888888889
Titouan Droguet,23,182,315,0.5957446808510638,0.6428571428571429,0.7,8,0.625,25,0.68,5,0.6,9,0.3333333333333333,0,0,0,0,0.593200468933177,0.7267786561264822,0.5230547550432276,0.3720725995316159,0.41832669322709165,2.0638297872340425,6.74468085106383
August Holmgren,26,200,286,0.6122448979591837,0.5333333333333333,1.0,27,0.7037037037037037,10,0.5,0,0.0,12,0.5,0,0,0,0,0.6304949277589917,0.7191613846903949,0.5299500831946755,0.3772489843296576,0.3879003558718861,3.5531914893617023,5.042553191489362
Marc-Andrea Huesler,28,159,376,0.6326530612244898,0.42857142857142855,0.7222222222222222,12,0.75,19,0.5789473684210527,7,0.5714285714285714,11,0.6363636363636364,0,0,0,0,0.6006134969325153,0.7594484167517875,0.5407066052227343,0.37746395998823185,0.4008097165991903,1.9791666666666667,7.291666666666667
Lucas Pouille,30,101,616,0.7142857142857143,0.6842105263157895,0.7647058823529411,14,0.7142857142857143,13,0.6153846153846154,6,0.8333333333333334,16,0.75,0,0,0,0,0.5739154462558718,0.7481945113143957,0.5311284046692607,0.3876515365097265,0.4036144578313253,3.0208333333333335,7.166666666666667
Benjamin Bonzi,28,75,730,0.7755102040816326,0.6428571428571429,0.8333333333333334,20,0.65,0,0.0,2,0.5,27,0.8888888888888888,0,0,0,0,0.6104651162790697,0.7647619047619048,0.55,0.394413407821229,0.41214057507987223,2.122448979591837,6.918367346938775
Grigor Dimitrov,33,10,3350,0.6938775510204082,0.6428571428571429,1.0625,21,0.7142857142857143,12,0.6666666666666666,6,0.6666666666666666,10,0.7,0,0,0,0,0.5969011313330054,0.7972805933250927,0.5234899328859061,0.3691213581096582,0.3639240506329114,4.03921568627451,8.470588235294118
Federico Agustin Gomez,28,137,442,0.6875,0.75,0.8571428571428571,17,0.5882352941176471,31,0.7419354838709677,0,0.0,0,0.0,0,0,0,0,0.6227544910179641,0.7257085020242915,0.5129490392648287,0.3890784982935154,0.3626373626373626,3.3333333333333335,5.395833333333333
Christopher O'Connell,30,64,795,0.5102040816326531,0.47058823529411764,0.6428571428571429,34,0.5882352941176471,6,0.3333333333333333,1,0.0,8,0.375,0,0,0,0,0.5869132290184922,0.737275811924382,0.5137741046831956,0.3439138031450204,0.364,1.816326530612245,7.3061224489795915
Arthur Rinderknech,29,59,927,0.5102040816326531,0.4782608695652174,0.6666666666666666,20,0.6,13,0.46153846153846156,9,0.4444444444444444,7,0.42857142857142855,0,0,0,0,0.6284321272773928,0.763985300122499,0.5051831375259157,0.3347489382962778,0.31475409836065577,2.5306122448979593,10.142857142857142
Nick Hardt,24,199,286,0.6136363636363636,0.6111111111111112,0.6,6,0.6666666666666666,36,0.6111111111111112,2,0.5,0,0.0,0,0,0,0,0.6491563196434257,0.6434526728788622,0.4791288566243194,0.4455118583008106,0.4295612009237875,4.204545454545454,1.3863636363636365
Joao Fonseca,18,145,409,0.6530612244897959,0.5416666666666666,0.7857142857142857,14,0.7857142857142857,11,0.5454545454545454,6,0.3333333333333333,18,0.7222222222222222,0,0,0,0,0.6642294713160855,0.7044877222692634,0.5510887772194305,0.37756497948016415,0.4126506024096386,2.125,6.166666666666667
Marin Cilic,36,179,323,0.5510204081632653,0.5833333333333334,0.631578947368421,26,0.6153846153846154,5,0.4,4,0.75,14,0.42857142857142855,0,0,0,0,0.5836186462997103,0.7700892857142857,0.4987546699875467,0.36098069900886803,0.37540453074433655,4.239130434782608,11.869565217391305
Alejandro Tabilo,27,23,1943,0.5306122448979592,0.47619047619047616,0.55,12,0.4166666666666667,18,0.6111111111111112,9,0.7777777777777778,10,0.3,0,0,0,0,0.6390822376901263,0.7482855990318676,0.48928571428571427,0.3484329734000527,0.3795918367346939,2.510204081632653,7.36734693877551
Jan Choinski,28,173,330,0.5714285714285714,0.5,0.7692307692307693,5,0.6,37,0.6216216216216216,4,0.0,3,0.6666666666666666,0,0,0,0,0.6660279222556803,0.6781750924784217,0.5172131147540984,0.3977429121937792,0.4415204678362573,1.510204081632653,3.4489795918367347
Richard Gasquet,38,129,470,0.5306122448979592,0.47058823529411764,0.7333333333333333,10,0.8,22,0.5,8,0.5,9,0.3333333333333333,0,0,0,0,0.5924078692158493,0.7469597754911131,0.5078178110129163,0.3689373297002725,0.38926174496644295,2.7346938775510203,5.489795918367347
Alex De Minaur,25,9,3745,0.6530612244897959,0.72,0.75,9,0.7777777777777778,15,0.6666666666666666,10,0.8,15,0.4666666666666667,0,0,0,0,0.5376075492645018,0.7325761486835313,0.5324129651860744,0.4187990879148721,0.45792079207920794,3.0625,4.4375
Lukas Klein,26,136,443,0.5306122448979592,0.36363636363636365,0.75,18,0.5,16,0.5625,5,0.6,10,0.5,0,0,0,0,0.6522084104734197,0.7412814274128142,0.5193916349809886,0.363682092555332,0.35331230283911674,3.0625,6.142857142857143
Clement Chidekh,23,189,304,0.65,0.45454545454545453,0.8571428571428571,24,0.7083333333333334,4,0.25,3,0.3333333333333333,9,0.7777777777777778,0,0,0,0,0.5920668058455115,0.6918194640338505,0.5015353121801432,0.4363143631436314,0.44363636363636366,3.6578947368421053,2.5641025641025643
Ugo Humbert,26,14,2765,0.5714285714285714,0.4642857142857143,0.5833333333333334,18,0.6111111111111112,12,0.4166666666666667,9,0.5555555555555556,10,0.7,0,0,0,0,0.6290853813022549,0.7382198952879581,0.5373543522960932,0.3649240278135462,0.38904899135446686,2.122448979591837,7.1020408163265305
Bu Yunchaokete,22,65,784,0.6530612244897959,0.47619047619047616,0.65,34,0.7352941176470589,0,0.0,3,0.3333333333333333,12,0.5,0,0,0,0,0.5822679266259033,0.728400954653938,0.5608782435129741,0.37168640721940216,0.41694915254237286,1.7234042553191489,6.723404255319149
Li Tu,28,174,329,0.6122448979591837,0.5789473684210527,0.7,36,0.6666666666666666,2,0.5,9,0.4444444444444444,2,0.5,0,0,0,0,0.6274864376130199,0.7142170989433237,0.5323624595469255,0.3952216465169833,0.4161073825503356,2.2448979591836733,5.510204081632653
Henri Squire,24,177,325,0.5625,0.42857142857142855,0.7857142857142857,1,0.0,34,0.6176470588235294,3,0.0,10,0.6,0,0,0,0,0.607608129233976,0.7452830188679245,0.47343957503320055,0.36795010845986986,0.4507042253521127,3.75,7.270833333333333
Martin Landaluce,18,151,383,0.6521739130434783,0.6,0.7857142857142857,16,0.75,20,0.6,0,0.0,10,0.6,0,0,0,0,0.6273980815347722,0.7032967032967034,0.48592115848753015,0.40148367952522257,0.37388724035608306,3.847826086956522,4.391304347826087
Facundo Bagnis,34,144,414,0.6530612244897959,0.6,0.8,4,0.25,44,0.7045454545454546,1,0.0,0,0.0,0,0,0,0,0.6348559790514984,0.6805682859761687,0.5203187250996016,0.40165876777251186,0.434640522875817,2.2448979591836733,3.7142857142857144
Yannick Hanfmann,33,96,627,0.4489795918367347,0.6666666666666666,0.75,17,0.5294117647058824,21,0.42857142857142855,6,0.3333333333333333,5,0.4,0,0,0,0,0.6742424242424242,0.6780466724286949,0.5143112701252236,0.34324009324009325,0.29277566539923955,1.7959183673469388,4.816326530612245
Hamad Medjedovic,21,114,536,0.6530612244897959,0.6,0.9285714285714286,11,0.7272727272727273,21,0.6190476190476191,4,0.5,13,0.6923076923076923,0,0,0,0,0.6544378698224852,0.7432188065099458,0.5196917808219178,0.37954987496526815,0.37410071942446044,2.8958333333333335,9.083333333333334
Yuta Shimizu,25,192,299,0.5777777777777777,0.45454545454545453,0.4117647058823529,44,0.5909090909090909,0,0.0,0,0.0,1,0.0,0,0,0,0,0.6115865701119158,0.6706135629709364,0.5016949152542373,0.4200884396715098,0.46726190476190477,2.5,2.977272727272727
Cameron Norrie,29,49,1119,0.5306122448979592,0.68,0.4117647058823529,14,0.6428571428571429,16,0.5,7,0.42857142857142855,12,0.5,0,0,0,0,0.6476309226932668,0.718906430496727,0.5152158527954707,0.36771072065189714,0.4092219020172911,2.2916666666666665,5.5625
Nicolas Moreno De Alboran,27,110,556,0.6122448979591837,0.3333333333333333,0.8125,15,0.7333333333333333,31,0.5806451612903226,3,0.3333333333333333,0,0.0,0,0,0,0,0.6291000841042893,0.7281639928698752,0.5336356764928194,0.3760752688172043,0.38768115942028986,3.2244897959183674,5.36734693877551
Pablo Carreno-Busta,33,196,292,0.4897959183673469,0.4444444444444444,0.45,29,0.5517241379310345,6,0.3333333333333333,1,0.0,13,0.46153846153846156,0,0,0,0,0.6440972222222222,0.7023488640739315,0.5331010452961672,0.36760668829548293,0.3905325443786982,2.6041666666666665,4.895833333333333
Novak Djokovic,37,7,3910,0.7916666666666666,0.76,0.9166666666666666,20,0.75,20,0.8,7,0.8571428571428571,1,1.0,0,0,0,0,0.6419753086419753,0.752991452991453,0.5547892720306513,0.4143081761006289,0.4188034188034188,2.3555555555555556,6.7555555555555555
Tommy Paul,27,12,3145,0.7142857142857143,0.5769230769230769,0.9230769230769231,18,0.6111111111111112,14,0.7142857142857143,12,0.8333333333333334,5,0.8,0,0,0,0,0.6147582697201018,0.7144039735099338,0.5554089709762533,0.41240694789081883,0.4015151515151515,1.653061224489796,5.163265306122449
Brandon Holt,26,198,286,0.5227272727272727,0.5,0.5384615384615384,36,0.5277777777777778,2,0.5,0,0.0,6,0.5,0,0,0,0,0.6378378378378379,0.6754735792622134,0.4688323090430202,0.4025695931477516,0.38095238095238093,1.0,4.590909090909091
Dmitry Popko,28,181,318,0.5434782608695652,0.5238095238095238,0.2857142857142857,3,0.6666666666666666,43,0.5348837209302325,0,0.0,0,0.0,0,0,0,0,0.5201296946771143,0.7101298701298702,0.5168918918918919,0.4,0.43626062322946174,2.217391304347826,4.8478260869565215
Chun Hsin Tseng,23,119,509,0.6041666666666666,0.5,0.6666666666666666,9,0.4444444444444444,33,0.6666666666666666,0,0.0,6,0.5,0,0,0,0,0.554796647004036,0.7000559597090095,0.504881450488145,0.4161812297734628,0.40828402366863903,1.9782608695652173,3.0434782608695654
Daniel Evans,34,164,364,0.40425531914893614,0.4230769230769231,0.4117647058823529,21,0.42857142857142855,11,0.2727272727272727,7,0.42857142857142855,8,0.5,0,0,0,0,0.5650331125827814,0.7304266291608064,0.49634591961023145,0.36059087312054866,0.32558139534883723,3.297872340425532,4.74468085106383
Carlos Alcaraz,21,3,7010,0.7959183673469388,0.8181818181818182,0.7058823529411765,14,0.7142857142857143,17,0.8823529411764706,9,0.8888888888888888,9,0.6666666666666666,0,0,0,0,0.6483946750195771,0.7274557165861514,0.5775798069784707,0.40839971035481537,0.4085510688836104,2.1020408163265305,5.020408163265306
Roberto Carballes Baena,31,57,981,0.5714285714285714,0.5652173913043478,0.6,13,0.46153846153846156,27,0.7037037037037037,3,0.3333333333333333,6,0.3333333333333333,0,0,0,0,0.6497622820919176,0.6817073170731708,0.5316742081447964,0.3889903469866945,0.3972602739726027,2.0,3.2857142857142856
Tomas Machac,24,25,1758,0.5714285714285714,0.6538461538461539,0.9230769230769231,23,0.6521739130434783,15,0.6,3,0.3333333333333333,8,0.375,0,0,0,0,0.6136603375527426,0.6961753330468414,0.5071574642126789,0.37476306525859737,0.44155844155844154,3.2127659574468086,4.958333333333333
Henrique Rocha,20,171,334,0.5555555555555556,0.5,0.7272727272727273,7,0.5714285714285714,34,0.5588235294117647,3,0.3333333333333333,1,1.0,0,0,0,0,0.5426789231779383,0.6926799758015729,0.4910265613783202,0.4025518341307815,0.3836065573770492,4.116279069767442,3.6744186046511627
Jesper De Jong,24,112,548,0.7083333333333334,0.5263157894736842,0.6666666666666666,7,0.7142857142857143,36,0.7222222222222222,2,0.5,3,0.6666666666666666,0,0,0,0,0.5724214623297192,0.7323943661971831,0.5,0.4216608438591776,0.43734643734643736,3.25,5.166666666666667
Giovanni Mpetshi Perricard,21,31,1561,0.673469387755102,0.6666666666666666,0.9545454545454546,17,0.5882352941176471,10,0.7,14,0.7142857142857143,8,0.75,0,0,0,0,0.6446010571356657,0.7992971495509567,0.5432011331444759,0.2974781266083376,0.3548387096774194,4.645833333333333,18.041666666666668
Alexandre Muller,27,67,778,0.5714285714285714,0.6,0.625,12,0.5,29,0.6551724137931034,2,0.5,6,0.3333333333333333,0,0,0,0,0.6456671982987773,0.6797035817208728,0.5048762190547637,0.3972050524052674,0.41456582633053224,1.6326530612244898,3.122448979591837
Roberto Bautista Agut,36,51,1104,0.6122448979591837,0.5185185185185185,0.8666666666666667,12,0.4166666666666667,17,0.5882352941176471,11,0.6363636363636364,9,0.8888888888888888,0,0,0,0,0.6694810032282096,0.6765578635014837,0.5341848234410218,0.3894604767879548,0.4316109422492401,2.4285714285714284,2.816326530612245
Juan Manuel Cerundolo,23,139,428,0.6875,0.6153846153846154,0.9,1,0.0,47,0.7021276595744681,0,0.0,0,0.0,0,0,0,0,0.5867517471893041,0.6732263076126359,0.49117647058823527,0.43184559710494574,0.45528455284552843,3.0208333333333335,3.1875
Tristan Boyer,23,133,452,0.5918367346938775,0.631578947368421,0.5882352941176471,19,0.5263157894736842,26,0.6538461538461539,1,0.0,3,0.6666666666666666,0,0,0,0,0.6094276094276094,0.6965575860603485,0.5086206896551724,0.3908205841446453,0.43478260869565216,3.0816326530612246,4.040816326530612
Alexander Ritschard,30,118,513,0.6956521739130435,0.5,1.3,2,0.0,37,0.7837837837837838,2,0.5,5,0.4,0,0,0,0,0.6020612653879187,0.6804564907275321,0.5194244604316547,0.4297475301866081,0.4061032863849765,3.3043478260869565,2.3260869565217392
Matteo Berrettini,28,34,1380,0.7346938775510204,0.631578947368421,0.7619047619047619,13,0.5384615384615384,16,0.9375,9,0.6666666666666666,11,0.7272727272727273,0,0,0,0,0.6772702555736814,0.779205138498595,0.514743049705139,0.3564611813257674,0.3806228373702422,1.489795918367347,9.489795918367347
Stefano Napolitano,29,167,349,0.6739130434782609,0.5789473684210527,0.75,13,0.7692307692307693,18,0.6111111111111112,7,0.5714285714285714,8,0.75,0,0,0,0,0.6169271601297552,0.6998087954110899,0.5427251732101617,0.4070205976211198,0.43636363636363634,1.4565217391304348,5.021739130434782
Mikhail Kukushkin,37,113,542,0.5714285714285714,0.4782608695652174,0.6666666666666666,19,0.631578947368421,10,0.5,10,0.6,10,0.5,0,0,0,0,0.6583198707592892,0.6813905930470348,0.5153664302600472,0.3824580698377784,0.4222222222222222,1.2653061224489797,2.9591836734693877
Juncheng Shang,19,50,1115,0.6122448979591837,0.5714285714285714,0.9375,24,0.75,6,0.5,11,0.6363636363636364,8,0.25,0,0,0,0,0.6216873985938345,0.7181383210091344,0.5332380271622588,0.37167199148029817,0.4105960264900662,2.2083333333333335,5.229166666666667
Marton Fucsovics,32,104,597,0.5434782608695652,0.3333333333333333,0.5,14,0.42857142857142855,15,0.6,1,0.0,16,0.625,0,0,0,0,0.6167017122258937,0.7145640526059425,0.549373040752351,0.3772491613296737,0.41263940520446096,2.2,4.7555555555555555
Max Purcell,26,105,591,0.4489795918367347,0.6,0.6428571428571429,26,0.38461538461538464,5,0.4,12,0.6666666666666666,6,0.3333333333333333,0,0,0,0,0.5802209363492898,0.7370806890299184,0.5194235588972431,0.3376383763837638,0.3244274809160305,2.3877551020408165,8.142857142857142
Brandon Nakashima,23,38,1335,0.6122448979591837,0.625,0.7058823529411765,21,0.6190476190476191,5,0.6,15,0.6666666666666666,8,0.5,0,0,0,0,0.6714285714285714,0.7490967482938579,0.5561936013125512,0.3426294820717131,0.36704119850187267,1.2708333333333333,9.0
Stan Wawrinka,39,161,371,0.40816326530612246,0.32,0.5625,13,0.38461538461538464,17,0.35294117647058826,2,0.5,17,0.47058823529411764,0,0,0,0,0.5647265429001506,0.7507774322523323,0.5267395054629097,0.3359653591441671,0.3531468531468531,2.163265306122449,7.63265306122449
Marco Trungelliti,34,143,417,0.5869565217391305,0.631578947368421,0.6153846153846154,14,0.5,30,0.6333333333333333,2,0.5,0,0.0,0,0,0,0,0.5768556399766218,0.6702127659574468,0.4993093922651934,0.4069208586991349,0.5,3.108695652173913,3.0869565217391304
Albert Ramos-Vinolas,36,165,359,0.46938775510204084,0.5789473684210527,0.2631578947368421,1,0.0,48,0.4791666666666667,0,0.0,0,0.0,0,0,0,0,0.6497772828507795,0.6456726649528706,0.5174880763116058,0.3920301561658589,0.41032608695652173,1.8571428571428572,1.5714285714285714
Leandro Riedi,22,135,449,0.6530612244897959,0.5714285714285714,0.6875,7,0.2857142857142857,10,0.6,11,0.6363636363636364,21,0.8095238095238095,0,0,0,0,0.6360722610722611,0.7352267521759047,0.5644515612489992,0.37687730235194106,0.36303630363036304,2.5833333333333335,6.604166666666667
Tomas Barrios Vera,27,154,380,0.6122448979591837,0.5238095238095238,0.7142857142857143,9,0.6666666666666666,32,0.625,7,0.5714285714285714,1,0.0,0,0,0,0,0.6357808857808858,0.6837763519706691,0.5224,0.4106993591529674,0.4391691394658754,1.5208333333333333,3.0408163265306123
Rinky Hijikata,23,73,746,0.5714285714285714,0.6666666666666666,0.8421052631578947,34,0.6764705882352942,5,0.0,10,0.5,0,0.0,0,0,0,0,0.5968642040924794,0.6816562778272485,0.4871456822676335,0.38151850851121316,0.3883495145631068,2.6666666666666665,3.6666666666666665
Thiago Agustin Tirante,23,117,515,0.5510204081632653,0.5,0.8125,7,0.7142857142857143,34,0.5294117647058824,2,0.5,6,0.5,0,0,0,0,0.6524881845982763,0.7115466553046442,0.5032,0.38004303388918775,0.36070381231671556,2.36734693877551,6.63265306122449
Alexander Bublik,27,33,1420,0.5102040816326531,0.64,0.5625,21,0.47619047619047616,11,0.45454545454545453,8,0.5,9,0.6666666666666666,0,0,0,0,0.5998461932837734,0.7576923076923077,0.438821268417681,0.3562666666666667,0.39649122807017545,6.375,11.583333333333334
Taro Daniel,31,84,674,0.48936170212765956,0.42857142857142855,0.6153846153846154,18,0.5,16,0.3125,5,0.4,8,0.875,0,0,0,0,0.5911894273127754,0.6994535519125683,0.5287356321839081,0.3580283353010626,0.38976377952755903,2.0217391304347827,4.239130434782608
Daniel Altmaier,26,89,640,0.4897959183673469,0.4444444444444444,0.7916666666666666,3,0.0,35,0.5142857142857142,2,0.5,9,0.5555555555555556,0,0,0,0,0.611293998480628,0.7191383595691798,0.4938110749185668,0.3811904761904762,0.375,2.4693877551020407,6.653061224489796
Corentin Moutet,25,70,772,0.5510204081632653,0.43478260869565216,0.5625,10,0.4,29,0.5862068965517241,2,0.5,8,0.625,0,0,0,0,0.675787728026534,0.6625766871165644,0.5029838022165388,0.40193184867185405,0.4087193460490463,1.425531914893617,1.702127659574468
Jozef Kovalik,32,127,472,0.6326530612244898,0.6666666666666666,0.7777777777777778,1,0.0,41,0.6829268292682927,1,0.0,6,0.5,0,0,0,0,0.5968432316746923,0.6996862393545495,0.5487723954877239,0.3943475964078183,0.42776203966005666,2.6530612244897958,3.5306122448979593
Daniel Elahi Galan,28,126,473,0.5306122448979592,0.5,0.75,5,0.6,40,0.525,4,0.5,0,0.0,0,0,0,0,0.6181003082095825,0.7058023572076156,0.5047688921496698,0.37593984962406013,0.39705882352941174,1.574468085106383,5.957446808510638
Aleksandar Kovacevic,26,111,554,0.3877551020408163,0.43478260869565216,0.5416666666666666,23,0.43478260869565216,13,0.38461538461538464,6,0.3333333333333333,7,0.2857142857142857,0,0,0,0,0.5856758738694696,0.7621035058430717,0.4920353982300885,0.3254089979550102,0.34210526315789475,3.5510204081632653,9.387755102040817
Alex Bolt,32,157,377,0.5918367346938775,0.8461538461538461,0.6521739130434783,26,0.4230769230769231,0,0.0,21,0.8095238095238095,2,0.5,0,0,0,0,0.6378112333526347,0.7149341806627326,0.521982414068745,0.36136165260401515,0.3576923076923077,2.375,6.1875
Francisco Comesana,24,85,661,0.625,0.7272727272727273,0.625,8,0.75,36,0.6111111111111112,4,0.5,0,0.0,0,0,0,0,0.646049896049896,0.6975060337892196,0.5022026431718062,0.3927033189764378,0.40350877192982454,2.4583333333333335,5.625
Constant Lestienne,32,188,307,0.5208333333333334,0.5217391304347826,0.4444444444444444,25,0.6,3,0.0,7,0.42857142857142855,13,0.5384615384615384,0,0,0,0,0.5912117177097204,0.6918918918918919,0.48403908794788275,0.39897491232802806,0.4164305949008499,2.4375,3.3958333333333335
Jakub Mensik,19,48,1136,0.5510204081632653,0.52,0.9166666666666666,20,0.65,10,0.6,7,0.2857142857142857,12,0.5,0,0,0,0,0.5831643002028397,0.7439130434782608,0.4733009708737864,0.3699710754667368,0.41823899371069184,3.63265306122449,9.408163265306122
Valentin Royer,23,197,292,0.5714285714285714,0.55,0.7777777777777778,8,0.5,31,0.6451612903225806,1,0.0,9,0.4444444444444444,0,0,0,0,0.6108193277310925,0.7201203783319002,0.5209176788124157,0.37553648068669526,0.4236111111111111,2.673469387755102,4.877551020408164
Zachary Svajda,22,166,352,0.5,0.42857142857142855,0.5833333333333334,27,0.5185185185185185,6,0.3333333333333333,11,0.5454545454545454,4,0.5,0,0,0,0,0.6412503651767455,0.689749430523918,0.511400651465798,0.36599166170339487,0.4007220216606498,1.9787234042553192,4.0638297872340425
Alex Michelsen,20,41,1245,0.6122448979591837,0.5454545454545454,0.5625,23,0.6956521739130435,2,0.0,13,0.5384615384615384,11,0.6363636363636364,0,0,0,0,0.6794662309368191,0.7170340681362726,0.5148683092608326,0.37112538397095785,0.41911764705882354,1.9591836734693877,4.836734693877551
Pedro Martinez Portero,27,43,1205,0.4897959183673469,0.42105263157894735,0.8888888888888888,9,0.3333333333333333,31,0.6451612903225806,3,0.0,6,0.16666666666666666,0,0,0,0,0.6979031840538442,0.6539317507418397,0.4712939160239931,0.38873019994806546,0.4005681818181818,3.9183673469387754,2.1020408163265305
Damir Dzumhur,32,83,679,0.6122448979591837,0.6666666666666666,0.5555555555555556,11,0.5454545454545454,25,0.8,5,0.4,8,0.25,0,0,0,0,0.6776021473307486,0.6368838028169014,0.5356151711378353,0.42408846383741783,0.4583333333333333,2.127659574468085,0.7659574468085106
Raphael Collignon,22,121,500,0.7551020408163265,0.6666666666666666,0.8181818181818182,2,0.5,30,0.8333333333333334,0,0.0,17,0.6470588235294118,0,0,0,0,0.6464740602671637,0.7409899086977415,0.4973637961335677,0.4200294550810015,0.44542772861356933,3.877551020408163,4.729166666666667
Alejandro Moro Canas,24,169,345,0.5918367346938775,0.5882352941176471,0.6,12,0.5833333333333334,29,0.5862068965517241,6,0.6666666666666666,2,0.5,0,0,0,0,0.6778220451527225,0.6767241379310345,0.5070074196207749,0.38455032421764873,0.4272151898734177,1.9387755102040816,3.36734693877551
Chak Lam Coleman Wong,20,170,340,0.5510204081632653,0.6666666666666666,0.6153846153846154,40,0.625,0,0.0,4,0.0,5,0.4,0,0,0,0,0.6202193892677142,0.7237093690248566,0.48243559718969553,0.36819702037093344,0.40350877192982454,2.1914893617021276,8.127659574468085
Felix Auger Aliassime,24,29,1635,0.5510204081632653,0.38095238095238093,0.5454545454545454,13,0.3076923076923077,26,0.6923076923076923,2,0.0,8,0.625,0,0,0,0,0.6251461988304093,0.7619270346117867,0.5046801872074883,0.37008326155612975,0.40271493212669685,3.7916666666666665,7.958333333333333
Luciano Darderi,22,44,1198,0.5102040816326531,0.5625,0.6875,8,0.125,31,0.6774193548387096,5,0.4,5,0.2,0,0,0,0,0.580456570155902,0.7059952038369305,0.5046419098143236,0.3795454545454545,0.4095238095238095,2.2916666666666665,5.0625
Arthur Fils,20,20,2355,0.6326530612244898,0.5909090909090909,0.7647058823529411,12,0.6666666666666666,15,0.6666666666666666,9,0.6666666666666666,13,0.5384615384615384,0,0,0,0,0.6126192223037418,0.7532934131736527,0.4971608832807571,0.36903602726387535,0.3644578313253012,3.26,6.68
Tallon Griekspoor,28,40,1280,0.5102040816326531,0.5333333333333333,0.6363636363636364,14,0.5,16,0.5,7,0.5714285714285714,12,0.5,0,0,0,0,0.639067922657412,0.752521334367727,0.5222755311857437,0.3271947527749748,0.3776824034334764,3.4791666666666665,9.040816326530612
Duje Ajdukovic,23,142,422,0.5714285714285714,0.5555555555555556,0.47058823529411764,19,0.6842105263157895,22,0.5909090909090909,3,0.0,5,0.4,0,0,0,0,0.6106450679780157,0.7205116058739933,0.5,0.38129087290304237,0.42474916387959866,2.2708333333333335,5.666666666666667
Tomas Martin Etcheverry,25,39,1315,0.5102040816326531,0.5,0.65,12,0.4166666666666667,24,0.5833333333333334,4,0.25,9,0.5555555555555556,0,0,0,0,0.6456037227528778,0.7230652503793626,0.49896337249481687,0.3649369544131911,0.3633633633633634,1.836734693877551,6.571428571428571
Gijs Brouwer,28,176,326,0.574468085106383,0.6666666666666666,0.4444444444444444,19,0.5789473684210527,11,0.5454545454545454,12,0.5833333333333334,5,0.6,0,0,0,0,0.687094682230869,0.6998584237848041,0.5119170984455959,0.3851689612015019,0.38461538461538464,1.4680851063829787,3.872340425531915
Hugo Grenier,28,155,379,0.5510204081632653,0.5263157894736842,0.75,24,0.6666666666666666,7,0.14285714285714285,5,0.6,13,0.5384615384615384,0,0,0,0,0.6353099730458222,0.7212558336868902,0.4530672579453067,0.3792187084772788,0.34472934472934474,4.755102040816326,7.530612244897959
Sebastian Korda,24,22,1985,0.6530612244897959,0.6666666666666666,0.6470588235294118,25,0.72,10,0.5,10,0.7,4,0.5,0,0,0,0,0.6034772854739203,0.7490706319702602,0.5240452616690241,0.37341437632135305,0.371875,1.6666666666666667,7.770833333333333
Quentin Halys,28,72,756,0.7346938775510204,0.6956521739130435,0.8181818181818182,4,0.75,16,0.6875,6,0.8333333333333334,23,0.7391304347826086,0,0,0,0,0.5668142745506642,0.8083639705882353,0.5333734215273602,0.36258363355635614,0.3760330578512397,4.040816326530612,12.10204081632653
Laslo Djere,29,115,519,0.4897959183673469,0.3684210526315789,0.6111111111111112,7,0.2857142857142857,27,0.5555555555555556,2,0.0,13,0.5384615384615384,0,0,0,0,0.6337918505060991,0.6912366912366913,0.49326718639262934,0.3819148936170213,0.43302180685358255,2.4285714285714284,5.204081632653061
Matteo Gigante,23,141,424,0.6170212765957447,0.7058823529411765,0.75,21,0.7142857142857143,21,0.5238095238095238,2,0.5,3,0.6666666666666666,0,0,0,0,0.6190047961630696,0.6634382566585957,0.5098347757671126,0.4019578760011866,0.39655172413793105,3.723404255319149,3.5106382978723403
Valentin Vacherot,26,140,426,0.7142857142857143,0.6666666666666666,0.7368421052631579,24,0.8333333333333334,24,0.625,1,0.0,0,0.0,0,0,0,0,0.6574263203968486,0.7199289835774523,0.5425894378194208,0.3685481436764262,0.40160642570281124,3.021276595744681,6.361702127659575
Nicolas Jarry,29,35,1370,0.46938775510204084,0.5,0.6086956521739131,21,0.47619047619047616,18,0.5,1,0.0,9,0.4444444444444444,0,0,0,0,0.6316183816183816,0.7508896797153025,0.5111864406779661,0.3279012345679012,0.34285714285714286,2.204081632653061,8.938775510204081
Yasutaka Uchiyama,32,146,398,0.5833333333333334,0.6818181818181818,0.7857142857142857,34,0.5882352941176471,2,0.5,2,0.5,10,0.6,0,0,0,0,0.6252893518518519,0.7353077279037482,0.5173745173745173,0.358187134502924,0.376,1.553191489361702,6.276595744680851
Zhizhen Zhang,28,45,1155,0.46938775510204084,0.47619047619047616,0.5294117647058824,18,0.4444444444444444,16,0.5625,8,0.5,7,0.2857142857142857,0,0,0,0,0.6391696257853046,0.7367521367521368,0.5151057401812689,0.3418478260869565,0.38461538461538464,1.8979591836734695,7.73469387755102
Alexander Zverev,27,2,7915,0.7551020408163265,0.6521739130434783,0.631578947368421,16,0.75,11,0.7272727272727273,8,0.75,14,0.7857142857142857,0,0,0,0,0.6856264411990777,0.7851270553064275,0.5484922575387123,0.37970353477765106,0.3081232492997199,2.54,10.36
Rafael Nadal,38,153,380,0.6326530612244898,0.6875,0.5454545454545454,12,0.5,27,0.7037037037037037,6,0.8333333333333334,4,0.25,0,0,0,0,0.6582466567607727,0.6963882618510158,0.5322697606961566,0.40840697396704084,0.44285714285714284,2.7708333333333335,3.75
